agent,task_id,seed,steps,total_reward,final_score,improvement,quality_score,invalid_actions,fallbacks,api_errors
do-nothing,easy-clean,0,1,-0.22,0.854286,0.0,0.9,0,0,0
do-nothing,easy-clean,1,1,-0.22,0.854286,0.0,0.9,0,0,0
do-nothing,easy-clean,2,1,-0.22,0.854286,0.0,0.9,0,0,0
do-nothing,easy-clean,3,1,-0.22,0.854286,0.0,0.9,0,0,0
do-nothing,easy-clean,4,1,-0.22,0.854286,0.0,0.9,0,0,0
do-nothing,easy-clean,5,1,-0.22,0.854286,0.0,0.9,0,0,0
do-nothing,easy-clean,6,1,-0.22,0.854286,0.0,0.9,0,0,0
do-nothing,easy-clean,7,1,-0.22,0.854286,0.0,0.9,0,0,0
do-nothing,easy-clean,8,1,-0.22,0.854286,0.0,0.9,0,0,0
do-nothing,easy-clean,9,1,-0.22,0.854286,0.0,0.9,0,0,0
do-nothing,medium-clean,0,1,-0.500331,0.795342,0.0,0.759834,0,0,0
do-nothing,medium-clean,1,1,-0.49205,0.795342,0.0,0.763975,0,0,0
do-nothing,medium-clean,2,1,-0.49205,0.795342,0.0,0.763975,0,0,0
do-nothing,medium-clean,3,1,-0.508613,0.795342,0.0,0.755694,0,0,0
do-nothing,medium-clean,4,1,-0.487909,0.795342,0.0,0.766046,0,0,0
do-nothing,medium-clean,5,1,-0.483768,0.795342,0.0,0.768116,0,0,0
do-nothing,medium-clean,6,1,-0.508613,0.795342,0.0,0.755694,0,0,0
do-nothing,medium-clean,7,1,-0.49205,0.795342,0.0,0.763975,0,0,0
do-nothing,medium-clean,8,1,-0.49205,0.795342,0.0,0.763975,0,0,0
do-nothing,medium-clean,9,1,-0.512754,0.795342,0.0,0.753623,0,0,0
do-nothing,hard-clean,0,1,-0.96026,0.608104,0.0,0.52987,0,0,0
do-nothing,hard-clean,1,1,-0.988831,0.608104,0.0,0.515584,0,0,0
do-nothing,hard-clean,2,1,-0.981039,0.608104,0.0,0.519481,0,0,0
do-nothing,hard-clean,3,1,-0.965455,0.608104,0.0,0.527273,0,0,0
do-nothing,hard-clean,4,1,-0.955065,0.608104,0.0,0.532468,0,0,0
do-nothing,hard-clean,5,1,-0.952468,0.608104,0.0,0.533766,0,0,0
do-nothing,hard-clean,6,1,-0.983636,0.608104,0.0,0.518182,0,0,0
do-nothing,hard-clean,7,1,-0.970649,0.608104,0.0,0.524675,0,0,0
do-nothing,hard-clean,8,1,-0.96026,0.608104,0.0,0.52987,0,0,0
do-nothing,hard-clean,9,1,-0.962857,0.608104,0.0,0.528571,0,0,0
random,easy-clean,0,12,-5.54,0.56,-2.019614,1.0,4,0,0
random,easy-clean,1,15,-4.6,0.692506,-1.110257,1.0,3,0,0
random,easy-clean,2,15,-6.5,0.58,-1.882359,1.0,4,0,0
random,easy-clean,3,6,-0.141428,0.887978,0.23122,0.935714,1,0,0
random,easy-clean,4,15,-6.7,0.56,-2.019614,1.0,3,0,0
random,easy-clean,5,1,-0.22,0.854286,0.0,0.9,0,0,0
random,easy-clean,6,3,-4.76,0.56,-2.019614,1.0,1,0,0
random,easy-clean,7,15,-6.75,0.56,-2.019614,1.0,3,0,0
random,easy-clean,8,10,-5.3,0.56,-2.019614,1.0,3,0,0
random,easy-clean,9,15,-8.071429,0.457143,-2.725497,0.942857,7,0,0
random,medium-clean,0,12,-7.388344,0.56,-1.149928,1.0,4,0,0
random,medium-clean,1,25,-7.389751,0.642459,-0.747017,1.0,7,0,0
random,medium-clean,2,25,-9.239751,0.573333,-1.08478,1.0,7,0,0
random,medium-clean,3,6,-0.411408,0.834296,0.190337,0.792961,1,0,0
random,medium-clean,4,19,-7.690456,0.573333,-1.08478,1.0,6,0,0
random,medium-clean,5,1,-0.483768,0.795342,0.0,0.768116,0,0,0
random,medium-clean,6,3,-8.564762,0.533333,-1.280228,0.971014,1,0,0
random,medium-clean,7,17,-8.379752,0.533333,-1.280228,1.0,4,0,0
random,medium-clean,8,10,-7.489752,0.546667,-1.215076,1.0,3,0,0
random,medium-clean,9,23,-10.742505,0.457143,-1.652508,0.950311,8,0,0
random,hard-clean,0,12,-7.641299,0.533143,-0.191278,0.883117,4,0,0
random,hard-clean,1,45,-11.306494,0.560571,-0.12129,0.964935,16,0,0
random,hard-clean,2,41,-10.013508,0.582857,-0.064423,0.958442,10,0,0
random,hard-clean,3,6,-1.415455,0.608104,0.0,0.527273,2,0,0
random,hard-clean,4,19,-7.278702,0.530571,-0.197841,0.868831,7,0,0
random,hard-clean,5,1,-0.952468,0.608104,0.0,0.533766,0,0,0
random,hard-clean,6,3,-8.335324,0.445143,-0.415827,0.692208,1,0,0
random,hard-clean,7,17,-7.242598,0.526571,-0.208048,0.887013,4,0,0
random,hard-clean,8,10,-8.073377,0.452571,-0.396873,0.78961,3,0,0
random,hard-clean,9,23,-8.030131,0.494,-0.291159,0.801299,8,0,0
rule-based,easy-clean,0,4,1.92,0.959909,0.724865,1.0,0,0,0
rule-based,easy-clean,1,4,1.92,0.971451,0.804075,1.0,0,0,0
rule-based,easy-clean,2,4,1.92,0.96398,0.752803,1.0,0,0,0
rule-based,easy-clean,3,4,1.92,0.97165,0.805441,1.0,0,0,0
rule-based,easy-clean,4,4,1.92,0.961099,0.733032,1.0,0,0,0
rule-based,easy-clean,5,4,1.92,0.974832,0.827278,1.0,0,0,0
rule-based,easy-clean,6,4,1.92,0.968353,0.782814,1.0,0,0,0
rule-based,easy-clean,7,4,1.92,0.959636,0.722992,1.0,0,0,0
rule-based,easy-clean,8,4,1.92,0.97164,0.805372,1.0,0,0,0
rule-based,easy-clean,9,4,1.92,0.968273,0.782265,1.0,0,0,0
rule-based,medium-clean,0,6,3.281656,0.965712,0.832462,1.0,0,0,0
rule-based,medium-clean,1,6,3.240248,0.959292,0.801093,1.0,0,0,0
rule-based,medium-clean,2,6,3.240248,0.956748,0.788662,1.0,0,0,0
rule-based,medium-clean,3,6,3.323064,0.965963,0.833688,1.0,0,0,0
rule-based,medium-clean,4,6,3.219544,0.957001,0.789898,1.0,0,0,0
rule-based,medium-clean,5,6,3.198841,0.960406,0.806536,1.0,0,0,0
rule-based,medium-clean,6,6,3.323064,0.963134,0.819865,1.0,0,0,0
rule-based,medium-clean,7,6,3.240248,0.95656,0.787743,1.0,0,0,0
rule-based,medium-clean,8,6,3.240248,0.957658,0.793109,1.0,0,0,0
rule-based,medium-clean,9,6,3.343768,0.960562,0.807298,1.0,0,0,0
rule-based,hard-clean,0,15,5.401297,0.971448,0.927144,1.0,0,0,0
rule-based,hard-clean,1,15,5.544154,0.966369,0.914184,1.0,0,0,0
rule-based,hard-clean,2,15,5.505193,0.96954,0.922275,1.0,0,0,0
rule-based,hard-clean,3,15,5.427271,0.96825,0.918984,1.0,0,0,0
rule-based,hard-clean,4,15,5.375323,0.962363,0.903962,1.0,0,0,0
rule-based,hard-clean,5,15,5.362336,0.972478,0.929772,1.0,0,0,0
rule-based,hard-clean,6,15,5.51818,0.966065,0.913408,1.0,0,0,0
rule-based,hard-clean,7,15,5.453245,0.969672,0.922612,1.0,0,0,0
rule-based,hard-clean,8,15,5.401297,0.965283,0.911413,1.0,0,0,0
rule-based,hard-clean,9,15,5.414284,0.966756,0.915171,1.0,0,0,0
rl-ppo,easy-clean,0,4,1.92,0.957475,0.708161,1.0,0,0,0
rl-ppo,easy-clean,1,4,1.92,0.96926,0.789039,1.0,0,0,0
rl-ppo,easy-clean,2,4,1.92,0.961523,0.735942,1.0,0,0,0
rl-ppo,easy-clean,3,4,1.92,0.969864,0.793184,1.0,0,0,0
rl-ppo,easy-clean,4,4,1.92,0.95425,0.686029,1.0,0,0,0
rl-ppo,easy-clean,5,4,1.92,0.968853,0.786246,1.0,0,0,0
rl-ppo,easy-clean,6,4,1.92,0.969184,0.788517,1.0,0,0,0
rl-ppo,easy-clean,7,4,1.92,0.956715,0.702945,1.0,0,0,0
rl-ppo,easy-clean,8,4,1.92,0.97164,0.805372,1.0,0,0,0
rl-ppo,easy-clean,9,4,1.92,0.963814,0.751664,1.0,0,0,0
rl-ppo,medium-clean,0,6,3.281656,0.966472,0.836175,1.0,0,0,0
rl-ppo,medium-clean,1,6,3.240248,0.958612,0.79777,1.0,0,0,0
rl-ppo,medium-clean,2,6,3.240248,0.956748,0.788662,1.0,0,0,0
rl-ppo,medium-clean,3,6,3.323064,0.96614,0.834553,1.0,0,0,0
rl-ppo,medium-clean,4,6,3.219544,0.957255,0.791139,1.0,0,0,0
rl-ppo,medium-clean,5,6,3.198841,0.959385,0.801547,1.0,0,0,0
rl-ppo,medium-clean,6,6,3.323064,0.963134,0.819865,1.0,0,0,0
rl-ppo,medium-clean,7,6,3.240248,0.956679,0.788325,1.0,0,0,0
rl-ppo,medium-clean,8,6,3.240248,0.957813,0.793866,1.0,0,0,0
rl-ppo,medium-clean,9,6,3.343768,0.96042,0.806604,1.0,0,0,0
rl-ppo,hard-clean,0,15,5.401297,0.971448,0.927144,1.0,0,0,0
rl-ppo,hard-clean,1,15,5.544154,0.966482,0.914472,1.0,0,0,0
rl-ppo,hard-clean,2,15,5.505193,0.96954,0.922275,1.0,0,0,0
rl-ppo,hard-clean,3,15,5.427271,0.96825,0.918984,1.0,0,0,0
rl-ppo,hard-clean,4,15,5.375323,0.962363,0.903962,1.0,0,0,0
rl-ppo,hard-clean,5,15,5.362336,0.972478,0.929772,1.0,0,0,0
rl-ppo,hard-clean,6,15,5.51818,0.966065,0.913408,1.0,0,0,0
rl-ppo,hard-clean,7,15,5.453245,0.969672,0.922612,1.0,0,0,0
rl-ppo,hard-clean,8,15,5.401297,0.964262,0.908807,1.0,0,0,0
rl-ppo,hard-clean,9,14,5.434284,0.962824,0.905138,1.0,0,0,0
